Workbook

Sheet pivot
A3: Count of session_start | B3: Column Labels
A4: Row Labels | B4: 45992 | C4: 46023 | D4: 46054 | E4: Grand Total
A5: Bezs Beatles Day! V2 | D5: 1 | E5: 1
A6: Cart-astrophe | C6: 2 | D6: 1 | E6: 3
A7: Details Matter | B7: 1 | C7: 1 | D7: 2 | E7: 4
A8: Discount Disaster | B8: 1 | E8: 1
A9: Memory Lane | C9: 1 | D9: 2 | E9: 3
A10: Radio Silence | B10: 2 | E10: 2
A11: Roblox | D11: 1 | E11: 1
A12: The Chain | B12: 2 | D12: 1 | E12: 3
A13: The Switch | B13: 2 | C13: 3 | E13: 5
A14: The Unknown Unknown | C14: 2 | D14: 2 | E14: 4
A15: Version confusion | B15: 1 | C15: 2 | E15: 3
A16: Grand Total | B16: 9 | C16: 11 | D16: 10 | E16: 30

Sheet 6dg-career
A1: session_start | B1: month | C1: day_of_week | D1: duration | E1: level | F1: name | G1: player | H1: Team | I1: completion_status | J1: identify_scope | K1: incident_mechanics | L1: external_comms | M1: internal_comms | N1: commanding_the_incident | O1: Complexity: Ambiguous cues (multiple alternatives) | P1: Complexity: Attention Demands | Q1: Complexity: Conflicting Advice | R1: Complexity: Decreased access to team members | S1: Complexity: Distributed information across individuals/organiza | T1: Complexity: Doublebind situations (dilemmas) | U1: Complexity: False prime explanations (garden path) | V1: Complexity: Hidden coupling (effects at a distance; cascading e | W1: Complexity: Implied relationship (red herring) | X1: Complexity: Interdependencies amongst roles (someone needs some | Y1: Complexity: Lack of predefined plan | Z1: Complexity: Misleading indicators (low predictive value) | AA1: Complexity: Mismatch between prede fined plans or procedures an | AB1: Complexity: Missing Information | AC1: Complexity: Multi Party Dilema | AD1: Complexity: Multiple simultaneous influences (more than one exp | AE1: Complexity: Multiple simultaneous influences (multiple explanat | AF1: Complexity: Saturation | AG1: Complexity: Simultaneous seperate issues | AH1: Complexity: Stakeholder Interference | AI1: Complexity: Stereotype violations (not the usual suspect) | AJ1: Complexity: Stress or fatigue | AK1: Complexity: Uncertain information (unreliable data) | AL1: Complexity: Unintended effects (managing side effects) | AM1: Complexity: Absence of strong signals (no alarms, no threshold | AN1: max | AO1: Category: Detecting | AP1: Category: Sensemaking | AQ1: Category: Planning | AR1: Category: Deciding | AS1: Category: Coordination | AT1: Category: Executing
A2: 2024-02-22 00:00:00.000 +0000 | B2: =DATE(YEAR(DATEVALUE(LEFT(A2,10))), MONTH(DATEVALUE(LEFT(A2,10))), 1) -> 45323 | C2: Thursday | D2: 0.013900463 | E2: 6 | F2: The Big Investor | G2: qamar.jamil | H2: =VLOOKUP(G2, teams!B$2:C$36, 2, 0) -> unidentified | I2: OUT_OF_TIME | J2: 0.88888889 | K2: 1.5 | L2: 0.83333333 | M2: 0.53333333 | N2: 0.45454545 | O2: 0 | P2: 0 | Q2: 0 | R2: 0 | S2: 0 | T2: 0 | U2: 0 | V2: 0 | W2: 1 | X2: 0 | Y2: 0 | Z2: 0 | AA2: 0 | AB2: 0 | AC2: 0 | AD2: 0 | AE2: 0 | AF2: 0 | AG2: 0 | AH2: 1 | AI2: 1 | AJ2: 1 | AK2: 0 | AL2: 0 | AM2: 0 | AN2: - | AO2: 0 | AP2: 2 | AQ2: 0 | AR2: 2 | AS2: 0 | AT2: 0
A3: 2024-02-26 00:00:00.000 +0000 | B3: =DATE(YEAR(DATEVALUE(LEFT(A3,10))), MONTH(DATEVALUE(LEFT(A3,10))), 1) -> 45323 | C3: Monday | D3: 0.013912037 | E3: 6 | F3: The Big Investor | G3: zishan.sohail | H3: =VLOOKUP(G3, teams!B$2:C$36, 2, 0) -> Service Desk | I3: OUT_OF_TIME | J3: 0.55555556 | K3: 1 | L3: 0.83333333 | M3: 0.53333333 | N3: 0.36363636 | O3: 0 | P3: 0 | Q3: 0 | R3: 0 | S3: 0 | T3: 0 | U3: 0 | V3: 0 | W3: 1 | X3: 0 | Y3: 0 | Z3: 0 | AA3: 0 | AB3: 0 | AC3: 0 | AD3: 0 | AE3: 0 | AF3: 0 | AG3: 0 | AH3: 1 | AI3: 1 | AJ3: 1 | AK3: 0 | AL3: 0 | AM3: 0 | AN3: - | AO3: 0 | AP3: 2 | AQ3: 0 | AR3: 2 | AS3: 0 | AT3: 0
A4: 2024-11-07 00:00:00.000 +0000 | B4: =DATE(YEAR(DATEVALUE(LEFT(A4,10))), MONTH(DATEVALUE(LEFT(A4,10))), 1) -> 45597 | C4: Thursday | D4: 0.015625 | E4: 3 | F4: Too Good To Be True | G4: nikhil.nandikolmath | H4: =VLOOKUP(G4, teams!B$2:C$36, 2, 0) -> unidentified | I4: COMPLETED | J4: 0.22222222 | K4: 1 | L4: 0.66666667 | M4: 0.33333333 | N4: 0.090909091 | O4: 0 | P4: 0 | Q4: 1 | R4: 0 | S4: 0 | T4: 0 | U4: 0 | V4: 0 | W4: 0 | X4: 0 | Y4: 0 | Z4: 0 | AA4: 0 | AB4: 0 | AC4: 0 | AD4: 0 | AE4: 0 | AF4: 0 | AG4: 0 | AH4: 0 | AI4: 0 | AJ4: 0 | AK4: 1 | AL4: 0 | AM4: 0 | AN4: - | AO4: 0 | AP4: 1 | AQ4: 2 | AR4: 0 | AS4: 0 | AT4: 0
A5: 2024-11-14 00:00:00.000 +0000 | B5: =DATE(YEAR(DATEVALUE(LEFT(A5,10))), MONTH(DATEVALUE(LEFT(A5,10))), 1) -> 45597 | C5: Thursday | D5: 0.0098263889 | E5: 3 | F5: Too Good To Be True | G5: nikhil.nandikolmath | H5: =VLOOKUP(G5, teams!B$2:C$36, 2, 0) -> unidentified | I5: COMPLETED | J5: 0.66666667 | K5: 1 | L5: 1 | M5: 0.46666667 | N5: 0.36363636 | O5: 0 | P5: 0 | Q5: 1 | R5: 0 | S5: 0 | T5: 0 | U5: 0 | V5: 0 | W5: 0 | X5: 0 | Y5: 0 | Z5: 0 | AA5: 0 | AB5: 0 | AC5: 0 | AD5: 0 | AE5: 0 | AF5: 0 | AG5: 0 | AH5: 0 | AI5: 0 | AJ5: 0 | AK5: 1 | AL5: 0 | AM5: 0 | AN5: - | AO5: 0 | AP5: 1 | AQ5: 2 | AR5: 0 | AS5: 0 | AT5: 0
A6: 2024-11-20 00:00:00.000 +0000 | B6: =DATE(YEAR(DATEVALUE(LEFT(A6,10))), MONTH(DATEVALUE(LEFT(A6,10))), 1) -> 45597 | C6: Wednesday | D6: 0.012465278 | E6: 3 | F6: Too Good To Be True | G6: richard.gillett | H6: =VLOOKUP(G6, teams!B$2:C$36, 2, 0) -> Service Desk | I6: COMPLETED | J6: 0.55555556 | K6: 1 | L6: 0.66666667 | M6: 0.46666667 | N6: 0.090909091 | O6: 0 | P6: 0 | Q6: 1 | R6: 0 | S6: 0 | T6: 0 | U6: 0 | V6: 0 | W6: 0 | X6: 0 | Y6: 0 | Z6: 0 | AA6: 0 | AB6: 0 | AC6: 0 | AD6: 0 | AE6: 0 | AF6: 0 | AG6: 0 | AH6: 0 | AI6: 0 | AJ6: 0 | AK6: 1 | AL6: 0 | AM6: 0 | AN6: - | AO6: 0 | AP6: 1 | AQ6: 2 | AR6: 0 | AS6: 0 | AT6: 0
A7: 2024-11-21 00:00:00.000 +0000 | B7: =DATE(YEAR(DATEVALUE(LEFT(A7,10))), MONTH(DATEVALUE(LEFT(A7,10))), 1) -> 45597 | C7: Thursday | D7: 0.013900463 | E7: 3 | F7: Too Good To Be True | G7: warren.gillett | H7: =VLOOKUP(G7, teams!B$2:C$36, 2, 0) -> Service Desk | I7: OUT_OF_TIME | J7: 0.33333333 | K7: 0.5 | L7: 0.83333333 | M7: 0.6 | N7: 0.27272727 | O7: 0 | P7: 0 | Q7: 1 | R7: 0 | S7: 0 | T7: 0 | U7: 0 | V7: 0 | W7: 0 | X7: 0 | Y7: 0 | Z7: 0 | AA7: 0 | AB7: 0 | AC7: 0 | AD7: 0 | AE7: 0 | AF7: 0 | AG7: 0 | AH7: 0 | AI7: 0 | AJ7: 0 | AK7: 1 | AL7: 0 | AM7: 0 | AN7: - | AO7: 0 | AP7: 1 | AQ7: 2 | AR7: 0 | AS7: 0 | AT7: 0
A8: 2024-11-21 00:00:00.000 +0000 | B8: =DATE(YEAR(DATEVALUE(LEFT(A8,10))), MONTH(DATEVALUE(LEFT(A8,10))), 1) -> 45597 | C8: Thursday | D8: 0.013900463 | E8: 5 | F8: Bezs Beatles Day! | G8: nikhil.nandikolmath | H8: =VLOOKUP(G8, teams!B$2:C$36, 2, 0) -> unidentified | I8: OUT_OF_TIME | J8: 0.33333333 | K8: 1 | L8: 0.66666667 | M8: 0.46666667 | N8: 0.18181818 | O8: 0 | P8: 0 | Q8: 1 | R8: 0 | S8: 0 | T8: 0 | U8: 0 | V8: 0 | W8: 0 | X8: 0 | Y8: 0 | Z8: 1 | AA8: 0 | AB8: 0 | AC8: 0 | AD8: 0 | AE8: 0 | AF8: 0 | AG8: 0 | AH8: 0 | AI8: 0 | AJ8: 0 | AK8: 0 | AL8: 0 | AM8: 0 | AN8: - | AO8: 0 | AP8: 1 | AQ8: 1 | AR8: 0 | AS8: 0 | AT8: 0
A9: 2024-11-27 00:00:00.000 +0000 | B9: =DATE(YEAR(DATEVALUE(LEFT(A9,10))), MONTH(DATEVALUE(LEFT(A9,10))), 1) -> 45597 | C9: Wednesday | D9: 0.013900463 | E9: 5 | F9: Bezs Beatles Day! | G9: richard.gillett | H9: =VLOOKUP(G9, teams!B$2:C$36, 2, 0) -> Service Desk | I9: OUT_OF_TIME | J9: 0.55555556 | K9: 1.5 | L9: 0.66666667 | M9: 0.13333333 | N9: 0.090909091 | O9: 0 | P9: 0 | Q9: 1 | R9: 0 | S9: 0 | T9: 0 | U9: 0 | V9: 0 | W9: 0 | X9: 0 | Y9: 0 | Z9: 1 | AA9: 0 | AB9: 0 | AC9: 0 | AD9: 0 | AE9: 0 | AF9: 0 | AG9: 0 | AH9: 0 | AI9: 0 | AJ9: 0 | AK9: 0 | AL9: 0 | AM9: 0 | AN9: - | AO9: 0 | AP9: 1 | AQ9: 1 | AR9: 0 | AS9: 0 | AT9: 0
A10: 2024-11-28 00:00:00.000 +0000 | B10: =DATE(YEAR(DATEVALUE(LEFT(A10,10))), MONTH(DATEVALUE(LEFT(A10,10))), 1) -> 45597 | C10: Thursday | D10: 0.012789352 | E10: 7 | F10: Rumours | G10: warren.gillett | H10: =VLOOKUP(G10, teams!B$2:C$36, 2, 0) -> Service Desk | I10: COMPLETED | J10: 0.44444444 | K10: 1.5 | L10: 0.5 | M10: 0.066666667 | N10: 0.090909091 | O10: 0 | P10: 0 | Q10: 0 | R10: 0 | S10: 0 | T10: 0 | U10: 1 | V10: 0 | W10: 1 | X10: 0 | Y10: 0 | Z10: 0 | AA10: 0 | AB10: 0 | AC10: 0 | AD10: 0 | AE10: 0 | AF10: 0 | AG10: 0 | AH10: 0 | AI10: 0 | AJ10: 1 | AK10: 0 | AL10: 0 | AM10: 0 | AN10: - | AO10: 0 | AP10: 2 | AQ10: 0 | AR10: 1 | AS10: 0 | AT10: 0
A11: 2024-11-28 00:00:00.000 +0000 | B11: =DATE(YEAR(DATEVALUE(LEFT(A11,10))), MONTH(DATEVALUE(LEFT(A11,10))), 1) -> 45597 | C11: Thursday | D11: 0.013900463 | E11: 7 | F11: Rumours | G11: nikhil.nandikolmath | H11: =VLOOKUP(G11, teams!B$2:C$36, 2, 0) -> unidentified | I11: OUT_OF_TIME | J11: 0.44444444 | K11: 1 | L11: 0.33333333 | M11: 0.26666667 | N11: 0.27272727 | O11: 0 | P11: 0 | Q11: 0 | R11: 0 | S11: 0 | T11: 0 | U11: 1 | V11: 0 | W11: 1 | X11: 0 | Y11: 0 | Z11: 0 | AA11: 0 | AB11: 0 | AC11: 0 | AD11: 0 | AE11: 0 | AF11: 0 | AG11: 0 | AH11: 0 | AI11: 0 | AJ11: 1 | AK11: 0 | AL11: 0 | AM11: 0 | AN11: - | AO11: 0 | AP11: 2 | AQ11: 0 | AR11: 1 | AS11: 0 | AT11: 0
A12: 2024-12-04 00:00:00.000 +0000 | B12: =DATE(YEAR(DATEVALUE(LEFT(A12,10))), MONTH(DATEVALUE(LEFT(A12,10))), 1) -> 45627 | C12: Wednesday | D12: 0.013460648 | E12: 3 | F12: Too Good To Be True | G12: umesh.mishra | H12: =VLOOKUP(G12, teams!B$2:C$36, 2, 0) -> unidentified | I12: COMPLETED | J12: 0.33333333 | K12: 1 | L12: 0.5 | M12: 0.13333333 | N12: 0 | O12: 0 | P12: 0 | Q12: 1 | R12: 0 | S12: 0 | T12: 0 | U12: 0 | V12: 0 | W12: 0 | X12: 0 | Y12: 0 | Z12: 0 | AA12: 0 | AB12: 0 | AC12: 0 | AD12: 0 | AE12: 0 | AF12: 0 | AG12: 0 | AH12: 0 | AI12: 0 | AJ12: 0 | AK12: 1 | AL12: 0 | AM12: 0 | AN12: - | AO12: 0 | AP12: 1 | AQ12: 2 | AR12: 0 | AS12: 0 | AT12: 0
A13: 2024-12-04 00:00:00.000 +0000 | B13: =DATE(YEAR(DATEVALUE(LEFT(A13,10))), MONTH(DATEVALUE(LEFT(A13,10))), 1) -> 45627 | C13: Wednesday | D13: 0.013900463 | E13: 5 | F13: Bezs Beatles Day! | G13: richard.gillett | H13: =VLOOKUP(G13, teams!B$2:C$36, 2, 0) -> Service Desk | I13: OUT_OF_TIME | J13: 0.44444444 | K13: 1 | L13: 0.5 | M13: 0.53333333 | N13: 0.45454545 | O13: 0 | P13: 0 | Q13: 1 | R13: 0 | S13: 0 | T13: 0 | U13: 0 | V13: 0 | W13: 0 | X13: 0 | Y13: 0 | Z13: 1 | AA13: 0 | AB13: 0 | AC13: 0 | AD13: 0 | AE13: 0 | AF13: 0 | AG13: 0 | AH13: 0 | AI13: 0 | AJ13: 0 | AK13: 0 | AL13: 0 | AM13: 0 | AN13: - | AO13: 0 | AP13: 1 | AQ13: 1 | AR13: 0 | AS13: 0 | AT13: 0
... A294: 2026-02-24 00:00:00.000 +0000 | B294: =DATE(YEAR(DATEVALUE(LEFT(A294,10))), MONTH(DATEVALUE(LEFT(A294,10))), 1) -> 46054 | C294: Tuesday | D294: 0.013078704 | E294: 28 | F294: Memory Lane | G294: matt.warwick | H294: =VLOOKUP(G294, teams!B$2:C$36, 2, 0) -> 24/7 | I294: COMPLETED | J294: 0.44444444 | K294: 0.5 | L294: 0.33333333 | M294: 0.46666667 | N294: 0.27272727 | O294: 0 | P294: 0 | Q294: 0 | R294: 0 | S294: 0 | T294: 1 | U294: 1 | V294: 0 | W294: 0 | X294: 0 | Y294: 0 | Z294: 0 | AA294: 0 | AB294: 0 | AC294: 0 | AD294: 0 | AE294: 0 | AF294: 0 | AG294: 0 | AH294: 0 | AI294: 0 | AJ294: 0 | AK294: 0 | AL294: 1 | AM294: 0 | AN294: - | AO294: 0 | AP294: 1 | AQ294: 1 | AR294: 1 | AS294: 0 | AT294: 1

Sheet teams
A1: name | B1: player | C1: Team
A2: =LEFT(B2, LEN(B2)-10) -> uma | B2: umar.farooque | C2: 24/7
A3: =LEFT(B3, LEN(B3)-10) -> richa | B3: richard.gillett | C3: Service Desk
A4: =LEFT(B4, LEN(B4)-10) -> sub | B4: subhaan.ahmed | C4: Service Desk
A5: =LEFT(B5, LEN(B5)-10) -> abdulkad | B5: abdulkadir.hussein | C5: 24/7
A6: =LEFT(B6, LEN(B6)-10) | B6: naeem.khan | C6: 24/7
A7: =LEFT(B7, LEN(B7)-10) -> as | B7: asmaa.gangat | C7: Service Desk
A8: =LEFT(B8, LEN(B8)-10) | B8: ryan.allen | C8: Tech
A9: =LEFT(B9, LEN(B9)-10) -> zis | B9: zishan.sohail | C9: Service Desk
A10: =LEFT(B10, LEN(B10)-10) -> ba | B10: baljit.chima | C10: 24/7
A11: =LEFT(B11, LEN(B11)-10) -> omo | B11: omokova.otaru | C11: 24/7
A12: =LEFT(B12, LEN(B12)-10) -> ma | B12: matt.warwick | C12: 24/7
A13: =LEFT(B13, LEN(B13)-10) -> mi | B13: michael.ward | C13: Tech
... A36: =LEFT(B36, LEN(B36)-10) -> q | B36: qamar.jamil | C36: unidentified
