Workbook

Sheet GUOT
A3: Row Labels | B3: Average of GUOT
A4: 45748 | B4: 8
A5: 45778 | B5: 9
A6: 45809 | B6: 9.7272727
A7: 45839 | B7: 9
A8: 45870 | B8: 9.1111111
A9: 45901 | B9: 9.25
A10: 45931 | B10: 8.9259259
A11: 45962 | B11: 8.8275862
A12: 45992 | B12: 9.1428571
A13: 46023 | B13: 9.05
A14: 46054 | B14: 8.6666667
A15: 46082 | B15: 9.1666667
A16: (blank)
A17: Grand Total | B17: 9.0178571

Sheet airtable
A1: Date | B1: month | C1: Time | D1: Name | E1: Company | F1: Sessions Done | G1: Session Plan | H1: AI | I1: Lead | J1: Star Guru | K1: Session Notes | L1: GUOT | M1: Score Notes | N1: Session ID | O1: Feedback Quality Score | P1: Feedback Notes | Q1: Attendance | R1: Attendance Reason | S1: INC # | T1: Technical Issues | U1: Technical Issue Reason | V1: Notes for Mildred
A2: 45776 | B2: =DATE(YEAR(A2), MONTH(A2), 1) -> 45748 | C2: 0.45833333 | D2: Jamie | E2: Options IT | F2: 17 | G2: Intro | I2: Karan | J2: Naz | L2: No Score | M2: Jamie is Operations team Engineer for Change Release - He has more than 15 years of experience in Option-IT right from first line support engineer to Change manager . He covers change mgmt, CAB calls, Operation calls and customer communication during Major Incidents . UK and US time has better incident management coverage compared to APAC due to less experienced and junior staff in APAC | Q2: Attended
A3: 45777 | B3: =DATE(YEAR(A3), MONTH(A3), 1) -> 45748 | C3: 0.41666667 | D3: Jack | E3: Options IT | F3: 17 | G3: Onboarding,Too Good To Be True | I3: Joe | J3: Karan | L3: 8 | M3: He scored 8 since he thought its his performance and since LO was guiding him - he felt he could've done much better . He liked the simulation platform and getting used to Slack . For Drill he owuld definitly score 10 | N3: 4049 | Q3: Attended
A4: 45777 | B4: =DATE(YEAR(A4), MONTH(A4), 1) -> 45748 | C4: 0.625 | D4: Ritchie | E4: Options IT | F4: 13 | I4: Naz | J4: Rishi | Q4: No Show | R4: He was caught up in a meeting
A5: 45778 | B5: =DATE(YEAR(A5), MONTH(A5), 1) -> 45778 | C5: 0.64583333 | D5: Ciara | E5: Options IT | F5: 16 | G5: Onboarding,Too Good To Be True | I5: Naz | J5: Rishi | L5: 9 | M5: She is a young Technical Support Engineer, handling security and various issues. She found our platform similar to real-life scenarios and liked it, although she may need a bit more time to get used to it. Her confidence level is around 6–7. She has 1.5 years of experience, all within Options IT. | N5: 4085 | Q5: Attended
A6: 45779 | B6: =DATE(YEAR(A6), MONTH(A6), 1) -> 45778 | C6: 0.625 | D6: Jamie | E6: Options IT | F6: 17 | Q6: Cancelled | R6: He has a call during this time
A7: 45784 | B7: =DATE(YEAR(A7), MONTH(A7), 1) -> 45778 | C7: 0.41666667 | D7: Jack | E7: Options IT | F7: 17 | G7: Bez Beatles Day | I7: Karan | J7: Rishi | L7: 10 | M7: Surprise : Senior engineer pushing back can happen in real life | N7: 4131 | Q7: Attended
A8: 45784 | B8: =DATE(YEAR(A8), MONTH(A8), 1) -> 45778 | C8: 0.625 | D8: Ritchie | E8: Options IT | F8: 13 | G8: Intro | I8: Karan | L8: No Score | M8: Ritchie is in IT Options from 7 montsh and has overall 5 year sof experience . His role is Tech support engineer and they are client facing , gets information from clients and feed it to tech team - Biggest challenge during P1 is to get the engineers responsible to bring on cal to resolve incident | Q8: Attended
A9: 45785 | B9: =DATE(YEAR(A9), MONTH(A9), 1) -> 45778 | C9: 0.64583333 | D9: Ciara | E9: Options IT | F9: 16 | G9: Bez Beatles Day | I9: Rishi | J9: Clara | L9: 9 | M9: Good close to reality , bit more difficult than last time. What did the player like or find surprising? The way Dan was adamant over his change. Why did she gave this score ? Nothing major comments when asked. Getting along with the platform. | N9: 4150 | Q9: Attended
A10: 45789 | B10: =DATE(YEAR(A10), MONTH(A10), 1) -> 45778 | C10: 0.54166667 | D10: Jamie | E10: Options IT | F10: 17 | G10: Too Good To Be True | I10: Karan | J10: Rishi | L10: 8 | M10: Human responses are realistic - Impressed with great responses from BOTS - Surprise : How speedy the BOTS responded and it was human like . Why 8 ??: Options we use different tool set which are different than what we use in Online Boutique - If they can integrate the tools they use in Options IT in OB - That would be great | N10: 4172 | Q10: Attended
A11: 45791 | B11: =DATE(YEAR(A11), MONTH(A11), 1) -> 45778 | C11: 0.41666667 | D11: Jack | E11: Options IT | F11: 17 | Q11: Internal Reschedule/Cancellation | R11: Due to conference
A12: 45791 | B12: =DATE(YEAR(A12), MONTH(A12), 1) -> 45778 | C12: 0.625 | D12: Ritchie | E12: Options IT | F12: 13 | Q12: Internal Reschedule/Cancellation | R12: Due to conference
A13: 45792 | B13: =DATE(YEAR(A13), MONTH(A13), 1) -> 45778 | C13: 0.64583333 | D13: Ciara | E13: Options IT | F13: 16 | Q13: Internal Reschedule/Cancellation | R13: Due to conference
A14: 45793 | B14: =DATE(YEAR(A14), MONTH(A14), 1) -> 45778 | C14: 0.64583333 | D14: Zach | E14: Options IT | F14: 8 | G14: Intro,Onboarding,Too Good To Be True | I14: Naz | J14: Conail | L14: 10 | M14: He likes the platform. He is going to use the platform and looking forward to play more drills | N14: 4271 | Q14: Attended
A15: 45796 | B15: =DATE(YEAR(A15), MONTH(A15), 1) -> 45778 | C15: 0.54166667 | D15: Jamie | E15: Options IT | F15: 17 | G15: Bez Beatles Day | I15: Karan | J15: Rishi | L15: 8 | M15: It was stress-ful - a lot to think about - Like the human element of it due to resistance to roll back . Why 8 : He might not be absolute demography for this since he is seasoned Incident manager - He would give 10 if he learn something new - In this specific incident he didn't learn anything new | N15: 4275 | Q15: Attended
A16: 45798 | B16: =DATE(YEAR(A16), MONTH(A16), 1) -> 45778 | C16: 0.41666667 | D16: Jack | E16: Options IT | F16: 17 | Q16: Cancelled | R16: He is OOO
A17: 45798 | B17: =DATE(YEAR(A17), MONTH(A17), 1) -> 45778 | C17: 0.625 | D17: Ritchie | E17: Options IT | F17: 13 | G17: Onboarding,Too Good To Be True | I17: Karan | J17: Naz | L17: 9 | M17: Much better than what i was expecting - Surprised with the fact that the character responses are so relevant . What can we do to make it 10 : Slight confusion of being overwhelmed with too many tasks - this might change once i get familiar with platform | N17: 4315 | Q17: Attended
A18: 45799 | B18: =DATE(YEAR(A18), MONTH(A18), 1) -> 45778 | C18: 0.64583333 | D18: Ciara | E18: Options IT | F18: 16 | G18: The Big Investors | I18: Rishi | J18: Charlene | L18: 10 | M18: Enjoying it, and good to experience how it's getting more challenging every week. She finds it realistic and the drill's resemblance to real-life at work as well. | N18: 4332 | Q18: Attended
A19: 45800 | B19: =DATE(YEAR(A19), MONTH(A19), 1) -> 45778 | C19: 0.64583333 | D19: Zach | E19: Options IT | F19: 8 | Q19: Cancelled | R19: He is OOO
A20: 45805 | B20: =DATE(YEAR(A20), MONTH(A20), 1) -> 45778 | C20: 0.41666667 | D20: Jack | E20: Options IT | F20: 17 | G20: The Big Investors | I20: Karan | J20: Ed | L20: 9 | M20: What could make it 10 ? I think, it was probably a 10 - i put 9 because that he should have picked it up well but he should have used team to do the job | N20: 4370 | Q20: Attended
A21: 45805 | B21: =DATE(YEAR(A21), MONTH(A21), 1) -> 45778 | C21: 0.625 | D21: Ritchie | E21: Options IT | F21: 13 | I21: Rishi | J21: Karan | Q21: Late Cancellation | R21: Rishi and Karan were already in the call
A22: 45806 | B22: =DATE(YEAR(A22), MONTH(A22), 1) -> 45778 | C22: 0.64583333 | D22: Ciara | E22: Options IT | F22: 16 | G22: Rumours | I22: Rishi | J22: Ed | L22: 8 | M22: Liking the overall setup of tools and dashboards. Why 8? She was rating the drill as it was just for a single user. Earlier ones were impacting regions or the global scale. | N22: 4391 | Q22: Attended
A23: 45807 | B23: =DATE(YEAR(A23), MONTH(A23), 1) -> 45778 | C23: 0.64583333 | D23: Zach | E23: Options IT | F23: 8 | I23: Ed | J23: Rishi | Q23: Late Cancellation | R23: can't join
A24: 45810 | B24: =DATE(YEAR(A24), MONTH(A24), 1) -> 45809 | C24: 0.54166667 | D24: Jamie | E24: Options IT | F24: 17 | Q24: Early Cancellation | R24: He is OOO
A25: 45812 | B25: =DATE(YEAR(A25), MONTH(A25), 1) -> 45809 | C25: 0.41666667 | D25: Jack | E25: Options IT | F25: 17 | Q25: Cancelled | R25: There's a live issue
A26: 45812 | B26: =DATE(YEAR(A26), MONTH(A26), 1) -> 45809 | C26: 0.625 | D26: Ritchie | E26: Options IT | F26: 13 | G26: Bez Beatles Day | I26: Karan | J26: Charlene | L26: 9 | M26: Interesting how some engineers can push back - Felt realistic . Surprise : I thought tough to tell senior engineer to tell to look back at their work . Why 9 ? Nothing comes to my mind - I could give a 10 | N26: 4474 | Q26: Attended | S26: INC-229 Drill Kubernetes Dashboard not registering in teleport | T26: checked | U26: The k8s dashboard doesn't show up in teleport. We need to add states
A27: 45813 | B27: =DATE(YEAR(A27), MONTH(A27), 1) -> 45809 | C27: 0.64583333 | D27: Ciara | E27: Options IT | F27: 16 | Q27: Rescheduled | R27: Asked to reschedule the following day
A28: 45814 | B28: =DATE(YEAR(A28), MONTH(A28), 1) -> 45809 | C28: 0.5 | D28: Ciara | E28: Options IT | F28: 16 | G28: Radio Silence | I28: Rishi | J28: Drew | L28: 10 | M28: She observed Tanya's unresponsiveness. Liked the different scenario as it brings different experience every time | N28: 4500 | Q28: Attended
A29: 45814 | B29: =DATE(YEAR(A29), MONTH(A29), 1) -> 45809 | C29: 0.64583333 | D29: Zach | E29: Options IT | F29: 8 | G29: Bez Beatles Day | I29: Ed | J29: Karan | L29: 10 | M29: He thinks drill do very well as for what they are designed for. He is looking forward to his next session | N29: 4504 | Q29: Attended
A30: 45817 | B30: =DATE(YEAR(A30), MONTH(A30), 1) -> 45809 | C30: 0.54166667 | D30: Jamie | E30: Options IT | F30: 17 | G30: The Big Investors | I30: Rishi | J30: Leon | L30: 10 | M30: its good. He liked the push of not getting something easily as it was not caused due to a change. And he wants to play more sort of these drills where change is not a culprit. | N30: 4514 | Q30: Attended
A31: 45819 | B31: =DATE(YEAR(A31), MONTH(A31), 1) -> 45809 | C31: 0.41666667 | D31: Jack | E31: Options IT | F31: 17 | G31: Rumours | I31: Ed | J31: Joe | L31: 10 | M31: He needs to focus on impact assessment (nail that over the next 1 or 2 drills) - didn't spot the local issue quickly in Rumours Enjoyed the session, find it useful to practice drills once a week especially since they are booked into the calendar My notes (Joe) * happy to play week, but i recomemended after baout 6, we will reduce the cadence to fortnighlty * he did ask about a profile session (i suggest he gets in the next 1 or 2 sesssion) | N31: 4540 | Q31: Attended
A32: 45819 | B32: =DATE(YEAR(A32), MONTH(A32), 1) -> 45809 | C32: 0.625 | D32: Ritchie | E32: Options IT | F32: 13 | G32: The Big Investors | I32: Rishi | J32: Drew | L32: 8 | M32: Why 8 ? He liked the experience but mentioned it to be very similar to the previous one - same error and same issues (Daniel) , that's why less challenging than earlier one. | N32: 4548 | Q32: Attended | T32: checked | U32: When op console froze for about 40 seconds during a CS session, character messages or stars weren't getting sent on time due to it
A33: 45820 | B33: =DATE(YEAR(A33), MONTH(A33), 1) -> 45809 | C33: 0.64583333 | D33: Ciara | E33: Options IT | F33: 16 | K33: Next session: Missing Delivery | Q33: Rescheduled | R33: Did not provide any reason
A34: 45821 | B34: =DATE(YEAR(A34), MONTH(A34), 1) -> 45809 | C34: 0.5 | D34: Ciara | E34: Options IT | F34: 16 | G34: Missing Delivery | I34: Charlene | J34: Juan | L34: 10 | M34: She enjoyed the session liked that it was different from other drills she's played as it wasn't changed related. Her confidence seems to have risen as she's engaging with the characters really well, just mentioned she needs to focus now on the business comms. | N34: 4586 | Q34: Attended
A35: 45821 | B35: =DATE(YEAR(A35), MONTH(A35), 1) -> 45809 | C35: 0.64583333 | D35: Zach | E35: Options IT | F35: 8 | Q35: Cancelled
A36: 45824 | B36: =DATE(YEAR(A36), MONTH(A36), 1) -> 45809 | C36: 0.54166667 | D36: Jamie | E36: Options IT | F36: 17 | Q36: Cancelled | R36: Something has come up and won't be able to join the session today.
A37: 45826 | B37: =DATE(YEAR(A37), MONTH(A37), 1) -> 45809 | C37: 0.41666667 | D37: Jack | E37: Options IT | F37: 17 | G37: Missing Delivery | I37: Ed | J37: Karan | K37: Added some notes for his next session | L37: 10 | M37: He liked the drill, and he is looking forward to trying Missing delivery +. Also, he is keen to know where he sits within the team/company feedback on Jack that we can note for the coaching Peter recommended that we help Jack with practicing facts over opinion (validating advice, feedback from the investigating Devs) | N37: 4624 | Q37: Attended
A38: 45826 | B38: =DATE(YEAR(A38), MONTH(A38), 1) -> 45809 | C38: 0.625 | D38: Ritchie | E38: Options IT | F38: 13 | Q38: Cancelled | R38: Did not provide any reason
A39: 45826 | B39: =DATE(YEAR(A39), MONTH(A39), 1) -> 45809 | C39: 0.66666667 | D39: Account Meeting | E39: Options IT | G39: Account Meeting
A40: 45827 | B40: =DATE(YEAR(A40), MONTH(A40), 1) -> 45809 | C40: 0.64583333 | D40: Ciara | E40: Options IT | F40: 16 | Q40: Cancelled
A41: 45828 | B41: =DATE(YEAR(A41), MONTH(A41), 1) -> 45809 | C41: 0.64583333 | D41: Zach | E41: Options IT | F41: 8 | Q41: Cancelled | R41: He declined invite
A42: 45831 | B42: =DATE(YEAR(A42), MONTH(A42), 1) -> 45809 | C42: 0.54166667 | D42: Jamie | E42: Options IT | F42: 17 | G42: Rumours | I42: Ed | J42: Karan | L42: 10 | M42: It was a nice and short drill, after dealing with so many P1's, and nice to remember that sometimes you don't need to over-engineer things and go with the obvious solution | N42: 4666 | Q42: Attended
A43: 45831 | B43: =DATE(YEAR(A43), MONTH(A43), 1) -> 45809 | C43: 0.67708333 | D43: Ciara | E43: Options IT | F43: 16 | I43: Rishi | J43: Maram | K43: Move to every 2 weeks | Q43: Late Cancellation | R43: She had a meeting that overran and mentioned she would join as soon as possible, but she still asked to reschedule.
A44: 45833 | B44: =DATE(YEAR(A44), MONTH(A44), 1) -> 45809 | C44: 0.41666667 | D44: Jack | E44: Options IT | F44: 17 | G44: Radio Silence | I44: Ed | J44: Karan | L44: 10 | M44: The drill was interesting, but the error he saw during the JYP checkout threw him off. Drill does a good job of mimicking people being unavailable and on PTO | N44: 4707 | Q44: Attended | S44: INC-242 Radio silence JYP currency error | T44: checked | U44: error while trying to checkout using JYP currency, waiting for recording to proccess to create a ticket
A45: 45833 | B45: =DATE(YEAR(A45), MONTH(A45), 1) -> 45809 | C45: 0.625 | D45: Ritchie | E45: Options IT | F45: 13 | G45: Rumours | I45: Ed | J45: Matthew | K45: Solo lead operator experiment | L45: 10 | M45: He liked the drill since it was different compared to the previous 3 drills. The drill had an isolated issue, which was a pleasant surprise | N45: 4714 | Q45: Attended
A46: 45835 | B46: =DATE(YEAR(A46), MONTH(A46), 1) -> 45809 | C46: 0.4375 | D46: Peter | E46: Options IT | G46: Demo | I46: Joe | J46: Leon | N46: 4739 | Q46: Attended
A47: 45835 | B47: =DATE(YEAR(A47), MONTH(A47), 1) -> 45809 | C47: 0.64583333 | D47: Zach | E47: Options IT | F47: 8 | Q47: Late Cancellation | R47: He will speak with his team about possibly adjusting his schedule or withdrawing from sessions.
A48: 45838 | B48: =DATE(YEAR(A48), MONTH(A48), 1) -> 45809 | C48: 0.54166667 | D48: Jamie | E48: Options IT | F48: 17 | Q48: Cancelled | R48: He is OOO
A49: 45840 | B49: =DATE(YEAR(A49), MONTH(A49), 1) -> 45839 | C49: 0.41666667 | D49: Jack | E49: Options IT | F49: 17 | K49: Move to every 2 weeks | Q49: Cancelled | R49: He asked to cancel and did not provide any reason.
A50: 45840 | B50: =DATE(YEAR(A50), MONTH(A50), 1) -> 45839 | C50: 0.625 | D50: Ritchie | E50: Options IT | F50: 13 | G50: Profile Report | I50: Ed | K50: Follow Jack session | L50: 4 | M50: Reason why 4 a lot that was mentioned in profile report session was covered during the 2nd session, this made session repetative. If more time had passed this session would have been a better use of time | Q50: Attended
A51: 45841 | B51: =DATE(YEAR(A51), MONTH(A51), 1) -> 45839 | C51: 0.41666667 | D51: Peter | E51: Options IT | G51: Demo,Memory Lane | I51: Joe | J51: Leon | L51: 10 | M51: The engineers were almost re-learning the architecture as the drill progressed, maps with reality a lot of the time enjoyed it and liked the 'don't delete log files aspect' he said thats super important in his world... you don't delete anything in the finanical world.... so he likes the idea that everyone who joins uptimelabs will have an opportunity to learn that experience. | N51: 4819 | Q51: Attended
A52: 45841 | B52: =DATE(YEAR(A52), MONTH(A52), 1) -> 45839 | C52: 0.64583333 | D52: Ciara | E52: Options IT | F52: 16 | I52: Rishi | J52: Ed | Q52: No Show
A53: 45842 | B53: =DATE(YEAR(A53), MONTH(A53), 1) -> 45839 | C53: 0.64583333 | D53: Zach | E53: Options IT | F53: 8 | I53: Drew | J53: Ed | Q53: Late Cancellation
A54: 45845 | B54: =DATE(YEAR(A54), MONTH(A54), 1) -> 45839 | C54: 0.54166667 | D54: Jamie | E54: Options IT | F54: 17 | G54: Missing Delivery | I54: Karan | J54: Maram | L54: 10 | M54: Quite stressfull - I thought it is interesting since we got options to rollback . Log messages were usefull - and great to see all characters and error messages being accurate | N54: 4853 | Q54: Attended
A55: 45847 | B55: =DATE(YEAR(A55), MONTH(A55), 1) -> 45839 | C55: 0.41666667 | D55: Jack | E55: Options IT | F55: 17 | G55: Roblox | I55: Matthew | J55: Charlene | L55: 7 | M55: Liked the drill but gave a 7 because he didn't know that he could have contacted the network team so this was annoying for himself. | N55: 4896 | Q55: Attended
A56: 45847 | B56: =DATE(YEAR(A56), MONTH(A56), 1) -> 45839 | C56: 0.625 | D56: Ritchie | E56: Options IT | F56: 13 | K56: Move to every 2 weeks | Q56: Cancelled | R56: He's busy at work
A57: 45848 | B57: =DATE(YEAR(A57), MONTH(A57), 1) -> 45839 | C57: 0.64583333 | D57: Ciara | E57: Options IT | F57: 16 | K57: Move to every 2 weeks | Q57: Rescheduled
A58: 45849 | B58: =DATE(YEAR(A58), MONTH(A58), 1) -> 45839 | C58: 0.45833333 | D58: Ciara | E58: Options IT | F58: 16 | G58: Roblox | I58: Charlene | J58: Leon | L58: 10 | M58: She enjoyed this drill a lot compared to previous drills | N58: 4951 | Q58: Attended
A59: 45849 | B59: =DATE(YEAR(A59), MONTH(A59), 1) -> 45839 | C59: 0.64583333 | D59: Zach | E59: Options IT | F59: 8 | Q59: Cancelled | R59: He is OOO until July 15
A60: 45852 | B60: =DATE(YEAR(A60), MONTH(A60), 1) -> 45839 | C60: 0.54166667 | D60: Jamie | E60: Options IT | F60: 17 | K60: Move to every 2 weeks | Q60: Rescheduled | R60: He is online but he has a few things to do.
A61: 45854 | B61: =DATE(YEAR(A61), MONTH(A61), 1) -> 45839 | C61: 0.41666667 | D61: Jack | E61: Options IT | F61: 17 | Q61: Cancelled | R61: He has an on-going project work.
A62: 45854 | B62: =DATE(YEAR(A62), MONTH(A62), 1) -> 45839 | C62: 0.625 | D62: Ritchie | E62: Options IT | F62: 13 | G62: Missing Delivery | I62: Ed | J62: Charlene | K62: Move to every 2 weeks | L62: 10 | M62: He said that this drill was better than the previous one, it's more relatable to what they do at work. Also he only had 30 minutes for ful indepth analysis due tomeeting clash | N62: 5022 | Q62: Attended
A63: 45855 | B63: =DATE(YEAR(A63), MONTH(A63), 1) -> 45839 | C63: 0.41666667 | D63: Jamie | E63: Options IT | F63: 17 | G63: Radio Silence | I63: Karan | J63: Naz | K63: Move to every 2 weeks | L63: 10 | M63: Was stressed that we cannot see the issue . Why 10 ? Its great to have a scenario which is not direct customer impact but definately a tech issue | N63: 5040 | Q63: Attended
A64: 45856 | B64: =DATE(YEAR(A64), MONTH(A64), 1) -> 45839 | C64: 0.64583333 | D64: Zach | E64: Options IT | F64: 8 | I64: Rishi | Q64: No Show | R64: Pinged him at the 5-minute waiting mark and received an OOO prompt.
A65: 45859 | B65: =DATE(YEAR(A65), MONTH(A65), 1) -> 45839 | C65: 0.54166667 | D65: Jamie | E65: Options IT | F65: 17 | K65: Move to every 2 weeks | Q65: Rescheduled | R65: Moved schedule to Tuesdays
A66: 45860 | B66: =DATE(YEAR(A66), MONTH(A66), 1) -> 45839 | C66: 0.41666667 | D66: Jamie | E66: Options IT | F66: 17 | G66: Roblox | I66: Rishi | J66: Karan | K66: Move to every 2 weeks | L66: 10 | M66: Stressful. Learned the lesson of prioritization by doing impact analysis. | N66: 5096 | Q66: Attended
A67: 45861 | B67: =DATE(YEAR(A67), MONTH(A67), 1) -> 45839 | C67: 0.41666667 | D67: Jack | E67: Options IT | F67: 17 | G67: Grounding Workshop | I67: Joe | K67: Had only grounding with Joe, will have a session next week | L67: 10 | M67: Grounding... shared hte content - he is going to try practice in the next couple of drills. I also told him to focus on impact assessment in the first 5-10mins of each dirll (metrics, reproducign the error and asking probing questiosn to bob) I also told him we will line him up for challenge drill i Sept (note he going off to get married at the end of the Sept) I also said we will look at seeing how far/close he is to getting certificated | N67: 5115 | Q67: Attended
A68: 45861 | B68: =DATE(YEAR(A68), MONTH(A68), 1) -> 45839 | C68: 0.625 | D68: Ritchie | E68: Options IT | F68: 13 | Q68: Rescheduled
A69: 45863 | B69: =DATE(YEAR(A69), MONTH(A69), 1) -> 45839 | C69: 0.45833333 | D69: Ciara | E69: Options IT | F69: 16 | Q69: Cancelled | R69: She is OOO
A70: 45863 | B70: =DATE(YEAR(A70), MONTH(A70), 1) -> 45839 | C70: 0.64583333 | D70: Zach | E70: Options IT | F70: 8 | Q70: Cancelled | R70: He declined invite
A71: 45863 | B71: =DATE(YEAR(A71), MONTH(A71), 1) -> 45839 | C71: 0.66666667 | D71: Ritchie | E71: Options IT | F71: 13 | G71: Radio Silence | I71: Matthew | J71: Ed | L71: 9 | M71: Made a comment on the load times of the different pages** other than that he liked the drill | N71: 5167 | Q71: Attended
A72: 45867 | B72: =DATE(YEAR(A72), MONTH(A72), 1) -> 45839 | C72: 0.625 | D72: Account Meeting | E72: Options IT | G72: Account Meeting
A73: 45868 | B73: =DATE(YEAR(A73), MONTH(A73), 1) -> 45839 | C73: 0.41666667 | D73: Jack | E73: Options IT | F73: 17 | G73: The Chain | I73: Ed | J73: Charlene | L73: 9 | M73: Liked the drill but towards the end was confused about the cause of the issue | N73: 5196 | Q73: Attended
A74: 45870 | B74: =DATE(YEAR(A74), MONTH(A74), 1) -> 45870 | C74: 0.41666667 | D74: Zach | E74: Options IT | F74: 8 | G74: The Big Investors | I74: Ed | J74: Juan | L74: 10 | M74: "All good". It was visible that h hasn't played in a while and struggled with core structure | N74: 5235 | Q74: Attended
A75: 45870 | B75: =DATE(YEAR(A75), MONTH(A75), 1) -> 45870 | C75: 0.45833333 | D75: Ciara | E75: Options IT | F75: 16 | G75: Profile Report | I75: Rishi | L75: 10 | M75: This session was good, got to know where she's lacking and how to overcome it, understood all with the help of examples in each star under a pillar where she lacked highly. | Q75: Attended
A76: 45874 | B76: =DATE(YEAR(A76), MONTH(A76), 1) -> 45870 | C76: 0.41666667 | D76: Jamie | E76: Options IT | F76: 17 | Q76: Cancelled | R76: Someone has scheduled a call to cover a real P1
A77: 45875 | B77: =DATE(YEAR(A77), MONTH(A77), 1) -> 45870 | C77: 0.41666667 | D77: Jack | E77: Options IT | F77: 17 | I77: Matthew | J77: Rishi | K77: Move to every 2 weeks | Q77: No Show
A78: 45877 | B78: =DATE(YEAR(A78), MONTH(A78), 1) -> 45870 | C78: 0.41666667 | D78: Zach | E78: Options IT | F78: 8 | G78: Rumours | I78: Ed | L78: 10 | M78: It's a good exercise to ask questions and do more investigation before jumping to any conclusions | N78: 5309 | Q78: Attended
A79: 45877 | B79: =DATE(YEAR(A79), MONTH(A79), 1) -> 45870 | C79: 0.66666667 | D79: Ritchie | E79: Options IT | F79: 13 | I79: Matthew | J79: Clara | Q79: No Show | R79: He's been OOO for the past couple of weeks unexpectedly.
A80: 45881 | B80: =DATE(YEAR(A80), MONTH(A80), 1) -> 45870 | C80: 0.41666667 | D80: Jamie | E80: Options IT | F80: 17 | G80: The Chain,Grounding Workshop | I80: Charlene | J80: Maram | L80: 5 | M80: He was surprised by this drill, he said he felt unfulfilled and post drill he said he "failed" the drill. I mentioned to him he needs to work on communicating and co-ordinating the team and step away from his role as an SRE however, because he couldn't' resolve the incident he felt like he hadn't learnt anything and was lost. I would recommend he replay the chain again and f he got some expert coaching on grounding and communication. To preface he watched the videos prior to playing but I think he needs a more personalised feedback session | N80: 5335 | Q80: Attended
A81: 45882 | B81: =DATE(YEAR(A81), MONTH(A81), 1) -> 45870 | C81: 0.41666667 | D81: Jack | E81: Options IT | F81: 17 | G81: The Switch | I81: Matthew | J81: Juan | K81: Move to every 2 weeks | L81: 9 | M81: Liked this drill; overall was an ok drill. Didn't talk a whole lot on the drill | Q81: Attended
A82: 45883 | B82: =DATE(YEAR(A82), MONTH(A82), 1) -> 45870 | C82: 0.66666667 | D82: Ritchie | E82: Options IT | F82: 13 | Q82: Rescheduled | R82: They're dealing with a critical issue at the moment
A83: 45884 | B83: =DATE(YEAR(A83), MONTH(A83), 1) -> 45870 | C83: 0.41666667 | D83: Zach | E83: Options IT | F83: 8 | G83: Missing Delivery | I83: Drew | L83: 10 | M83: Liked the drill and the fact is was 3rd party service related | N83: 5395 | Q83: Attended
A84: 45884 | B84: =DATE(YEAR(A84), MONTH(A84), 1) -> 45870 | C84: 0.45833333 | D84: Ciara | E84: Options IT | F84: 16 | Q84: No Show
A85: 45890 | B85: =DATE(YEAR(A85), MONTH(A85), 1) -> 45870 | C85: 0.66666667 | D85: Ritchie | E85: Options IT | F85: 13 | G85: Roblox | I85: Matthew | L85: 9 | M85: Similar to the last drill Play the switch next | N85: 5494 | Q85: Attended
A86: 45891 | B86: =DATE(YEAR(A86), MONTH(A86), 1) -> 45870 | C86: 0.41666667 | D86: Zach | E86: Options IT | F86: 8 | Q86: Cancelled | R86: Did not provide any reason.
A87: 45895 | B87: =DATE(YEAR(A87), MONTH(A87), 1) -> 45870 | C87: 0.41666667 | D87: Jamie | E87: Options IT | F87: 17 | K87: @Joseph Mckevitt He gave us 5 last session | Q87: Cancelled | R87: Last-minute conflict
A88: 45896 | B88: =DATE(YEAR(A88), MONTH(A88), 1) -> 45870 | C88: 0.41666667 | D88: Jack | E88: Options IT | F88: 17 | G88: PIR on Switch | I88: Ed | L88: 9 | M88: The session was quite useful as it's something he does quite often and can relate to | Q88: Attended
A89: 45898 | B89: =DATE(YEAR(A89), MONTH(A89), 1) -> 45870 | C89: 0.41666667 | D89: Zach | E89: Options IT | F89: 8 | I89: Ed | K89: Move him to every 2 weeks | Q89: No Show | R89: I didn’t receive any message about canceling today. I pinged him to confirm and got a prompt that he’s OOO.
A90: 45898 | B90: =DATE(YEAR(A90), MONTH(A90), 1) -> 45870 | C90: 0.45833333 | D90: Ciara | E90: Options IT | F90: 16 | G90: The Chain,Grounding Workshop | I90: Leon | L90: 10 | M90: Different to other drills - get the rest of the team involved, for next time need to check dependencies with changes as well | N90: 5562 | Q90: Attended
A91: 45903 | B91: =DATE(YEAR(A91), MONTH(A91), 1) -> 45901 | C91: 0.45833333 | D91: Aoife | E91: Options IT | F91: 14 | G91: Intro | I91: Naz | L91: No Score | Q91: Attended
A92: 45904 | B92: =DATE(YEAR(A92), MONTH(A92), 1) -> 45901 | C92: 0.66666667 | D92: Ritchie | E92: Options IT | F92: 13 | Q92: Rescheduled | R92: He is currently in the middle of a critical issue
A93: 45905 | B93: =DATE(YEAR(A93), MONTH(A93), 1) -> 45901 | C93: 0.47916667 | D93: Zach | E93: Options IT | F93: 8 | G93: Radio Silence | I93: Naz | L93: 8 | M93: He enjoyed it. He was very stressed and in a rush. Since he is going to be off next week, he wanted to go over the sessions. He needs to work on sizing up. There was nothing else to improve in order to reach a 10. | N93: 5656 | Q93: Attended | S93: https://uptime-labs.atlassian.net/browse/INC-290 | T93: checked | U93: player timed out do to state( recover not working)
A94: 45909 | B94: =DATE(YEAR(A94), MONTH(A94), 1) -> 45901 | C94: 0.41666667 | D94: Jamie | E94: Options IT | F94: 17 | Q94: Cancelled | R94: He's in NYC this week and will not be able to attend
A95: 45910 | B95: =DATE(YEAR(A95), MONTH(A95), 1) -> 45901 | C95: 0.41666667 | D95: Jack | E95: Options IT | F95: 17 | Q95: Cancelled | R95: Declined the invite
A96: 45910 | B96: =DATE(YEAR(A96), MONTH(A96), 1) -> 45901 | C96: 0.54166667 | D96: Emma | E96: Options IT | F96: 13 | G96: Intro | I96: Naz | L96: No Score | Q96: Attended
A97: 45911 | B97: =DATE(YEAR(A97), MONTH(A97), 1) -> 45901 | C97: 0.5 | D97: Aoife | E97: Options IT | F97: 14 | G97: Onboarding,Too Good To Be True | I97: Ed | L97: 9 | M97: "It was much simplier to use platform than I expected" | N97: 5721 | Q97: Attended
A98: 45911 | B98: =DATE(YEAR(A98), MONTH(A98), 1) -> 45901 | C98: 0.66666667 | D98: Ritchie | E98: Options IT | F98: 13 | Q98: Rescheduled | R98: Did not provide any reason
A99: 45912 | B99: =DATE(YEAR(A99), MONTH(A99), 1) -> 45901 | C99: 0.41666667 | D99: Zach | E99: Options IT | F99: 8 | Q99: Cancelled | R99: He is OOO
A100: 45912 | B100: =DATE(YEAR(A100), MONTH(A100), 1) -> 45901 | C100: 0.45833333 | D100: Ciara | E100: Options IT | F100: 16 | G100: The Switch | I100: Drew | L100: 10 | M100: Enjoyed having to work with the new character Maya | N100: 5745 | Q100: Attended
...

Sheet cohort
A1: player | B1: cohort
A2: amelia.horwood | B2: 3
A3: aoife.breen | B3: 2
A4: caoimhe.kelly | B4: x
A5: ciara.scullion | B5: 1
A6: donnchadh.tierney | B6: 3
A7: ellie.walsh | B7: 2
A8: elsa.savage | B8: 2
A9: emma.allsopp | B9: 2
A10: jack.walsh | B10: 1
A11: james.sheppy | B11: 3
A12: jamie.dow | B12: 1
A13: jessica.mcdonald | B13: 4
A14: leah.murphy | B14: 3
A15: mark.mcgarry | B15: 3
A16: patrick.collins | B16: 4
A17: peter.graham | B17: x
A18: ritchie.mcgrath | B18: 1
A19: sinead.glennon | B19: 2
A20: storm.chambers | B20: 2
A21: zach.davis | B21: 1

Sheet pivot
A1: month | B1: (All)
A3: Row Labels | B3: Count of session_start
A4: 1 | B4: 58
A5: ciara.scullion | B5: 13
A6: jack.walsh | B6: 14
A7: jamie.dow | B7: 13
A8: ritchie.mcgrath | B8: 10
A9: zach.davis | B9: 8
A10: 2 | B10: 47
A11: aoife.breen | B11: 11
A12: ellie.walsh | B12: 9
A13: elsa.savage | B13: 9
A14: emma.allsopp | B14: 10
A15: sinead.glennon | B15: 1
A16: storm.chambers | B16: 7
A17: 3 | B17: 36
A18: amelia.horwood | B18: 7
A19: donnchadh.tierney | B19: 6
A20: james.sheppy | B20: 7
A21: leah.murphy | B21: 8
A22: mark.mcgarry | B22: 8
A23: 4 | B23: 6
A24: jessica.mcdonald | B24: 5
A25: patrick.collins | B25: 1
A26: Grand Total | B26: 147
A30: month | B30: (All)
A32: Row Labels | B32: Incident Mechanics | C32: Commanding The Incident | D32: Internal Comms | E32: External Comms | F32: Identify Scope | G32: Session Count
A33: amelia.horwood | B33: 0.78571429 | C33: 0.15584416 | D33: 0.37142857 | E33: 0.61904762 | F33: 0.58730159 | G33: 7
A34: aoife.breen | B34: 1 | C34: 0.38842975 | D34: 0.52121212 | E34: 0.54545455 | F34: 0.75757576 | G34: 11
A35: caoimhe.kelly | B35: 0.875 | C35: 0.23863636 | D35: 0.45 | E35: 0.54166667 | F35: 0.54166667 | G35: 8
A36: ciara.scullion | B36: 0.84615385 | C36: 0.34965035 | D36: 0.48717949 | E36: 0.57692308 | F36: 0.53846154 | G36: 13
A37: donnchadh.tierney | B37: 0.83333333 | C37: 0.22727273 | D37: 0.4 | E37: 0.63888889 | F37: 0.57407407 | G37: 6
A38: ellie.walsh | B38: 0.72222222 | C38: 0.22222222 | D38: 0.39259259 | E38: 0.51851852 | F38: 0.59259259 | G38: 9
A39: elsa.savage | B39: 0.72222222 | C39: 0.25252525 | D39: 0.41481481 | E39: 0.59259259 | F39: 0.61728395 | G39: 9
A40: emma.allsopp | B40: 1 | C40: 0.31818182 | D40: 0.44 | E40: 0.63333333 | F40: 0.57777778 | G40: 10
A41: jack.walsh | B41: 0.85714286 | C41: 0.42207792 | D41: 0.59047619 | E41: 0.57142857 | F41: 0.68253968 | G41: 14
A42: james.sheppy | B42: 0.57142857 | C42: 0.19480519 | D42: 0.38095238 | E42: 0.52380952 | F42: 0.55555556 | G42: 7
A43: jamie.dow | B43: 0.96153846 | C43: 0.43356643 | D43: 0.62564103 | E43: 0.61538462 | F43: 0.72649573 | G43: 13
A44: jessica.mcdonald | B44: 0.6 | C44: 0.23636364 | D44: 0.44 | E44: 0.33333333 | F44: 0.57777778 | G44: 5
... A52: zach.davis | B52: 0.9375 | C52: 0.20454545 | D52: 0.375 | E52: 0.58333333 | F52: 0.45833333 | G52: 8
A58: Row Labels | B58: Incident Mechanics | C58: Commanding The Incident | D58: Internal Comms | E58: External Comms | F58: Identify Scope | G58: Session Count
A59: amelia.horwood | B59: 0.78571429 | C59: 0.15584416 | D59: 0.37142857 | E59: 0.61904762 | F59: 0.58730159 | G59: 7
A60: aoife.breen | B60: 1 | C60: 0.38842975 | D60: 0.52121212 | E60: 0.54545455 | F60: 0.75757576 | G60: 11
A61: caoimhe.kelly | B61: 0.875 | C61: 0.23863636 | D61: 0.45 | E61: 0.54166667 | F61: 0.54166667 | G61: 8
A62: ciara.scullion | B62: 0.84615385 | C62: 0.34965035 | D62: 0.48717949 | E62: 0.57692308 | F62: 0.53846154 | G62: 13
A63: donnchadh.tierney | B63: 0.83333333 | C63: 0.22727273 | D63: 0.4 | E63: 0.63888889 | F63: 0.57407407 | G63: 6
A64: ellie.walsh | B64: 0.72222222 | C64: 0.22222222 | D64: 0.39259259 | E64: 0.51851852 | F64: 0.59259259 | G64: 9
A65: elsa.savage | B65: 0.72222222 | C65: 0.25252525 | D65: 0.41481481 | E65: 0.59259259 | F65: 0.61728395 | G65: 9
A66: emma.allsopp | B66: 1 | C66: 0.31818182 | D66: 0.44 | E66: 0.63333333 | F66: 0.57777778 | G66: 10
A67: jack.walsh | B67: 0.85714286 | C67: 0.42207792 | D67: 0.59047619 | E67: 0.57142857 | F67: 0.68253968 | G67: 14
A68: james.sheppy | B68: 0.57142857 | C68: 0.19480519 | D68: 0.38095238 | E68: 0.52380952 | F68: 0.55555556 | G68: 7
A69: jamie.dow | B69: 0.96153846 | C69: 0.43356643 | D69: 0.62564103 | E69: 0.61538462 | F69: 0.72649573 | G69: 13
A70: jessica.mcdonald | B70: 0.6 | C70: 0.23636364 | D70: 0.44 | E70: 0.33333333 | F70: 0.57777778 | G70: 5
... A78: zach.davis | B78: 0.9375 | C78: 0.20454545 | D78: 0.375 | E78: 0.58333333 | F78: 0.45833333 | G78: 8

Sheet Graphs

Sheet optionsdata_for_dashboard
A1: session_start | B1: month | C1: day_of_week | D1: duration | E1: level | F1: name | G1: player | H1: cohort | I1: completion_status | J1: identify_scope | K1: incident_mechanics | L1: external_comms | M1: internal_comms | N1: commanding_the_incident | O1: Complexity: Ambiguous cues (multiple alternatives) | P1: Complexity: Attention Demands | Q1: Complexity: Conflicting Advice | R1: Complexity: Decreased access to team members | S1: Complexity: Distributed information across individuals/organiza | T1: Complexity: Doublebind situations (dilemmas) | U1: Complexity: False prime explanations (garden path) | V1: Complexity: Hidden coupling (effects at a distance; cascading e | W1: Complexity: Implied relationship (red herring) | X1: Complexity: Interdependencies amongst roles (someone needs some | Y1: Complexity: Lack of predefined plan | Z1: Complexity: Misleading indicators (low predictive value) | AA1: Complexity: Mismatch between prede fined plans or procedures an | AB1: Complexity: Missing Information | AC1: Complexity: Multi Party Dilema | AD1: Complexity: Multiple simultaneous influences (more than one exp | AE1: Complexity: Multiple simultaneous influences (multiple explanat | AF1: Complexity: Saturation | AG1: Complexity: Simultaneous seperate issues | AH1: Complexity: Stakeholder Interference | AI1: Complexity: Stereotype violations (not the usual suspect) | AJ1: Complexity: Stress or fatigue | AK1: Complexity: Uncertain information (unreliable data) | AL1: Complexity: Unintended effects (managing side effects) | AM1: Complexity: Absence of strong signals (no alarms, no threshold | AN1: max | AO1: Category: Detecting | AP1: Category: Sensemaking | AQ1: Category: Planning | AR1: Category: Deciding | AS1: Category: Coordination | AT1: Category: Executing
A2: 2025-04-30 01:00:00.000 +0100 | B2: =DATE(YEAR(DATEVALUE(LEFT(A2,10))), MONTH(DATEVALUE(LEFT(A2,10))), 1) -> 45748 | C2: Wednesday | D2: 0.009525463 | E2: 3 | F2: Too Good To Be True | G2: jack.walsh | H2: =VLOOKUP(G2, cohort!A$2:B$21, 2, FALSE) -> 1 | I2: COMPLETED | J2: 0.77777778 | K2: 1 | L2: 0.66666667 | M2: 0.6 | N2: 0.27272727 | O2: 0 | P2: 0 | Q2: 1 | R2: 0 | S2: 0 | T2: 0 | U2: 0 | V2: 0 | W2: 0 | X2: 0 | Y2: 0 | Z2: 0 | AA2: 0 | AB2: 0 | AC2: 0 | AD2: 0 | AE2: 0 | AF2: 0 | AG2: 0 | AH2: 0 | AI2: 0 | AJ2: 0 | AK2: 1 | AL2: 0 | AM2: 0 | AN2: - | AO2: 0 | AP2: 1 | AQ2: 2 | AR2: 0 | AS2: 0 | AT2: 0
A3: 2025-04-30 01:00:00.000 +0100 | B3: =DATE(YEAR(DATEVALUE(LEFT(A3,10))), MONTH(DATEVALUE(LEFT(A3,10))), 1) -> 45748 | C3: Wednesday | D3: 0.013900463 | E3: 3 | F3: Too Good To Be True | G3: jack.walsh | H3: =VLOOKUP(G3, cohort!A$2:B$21, 2, FALSE) -> 1 | I3: OUT_OF_TIME | J3: 0 | K3: 0.5 | L3: 0.33333333 | M3: 0 | N3: 0 | O3: 0 | P3: 0 | Q3: 1 | R3: 0 | S3: 0 | T3: 0 | U3: 0 | V3: 0 | W3: 0 | X3: 0 | Y3: 0 | Z3: 0 | AA3: 0 | AB3: 0 | AC3: 0 | AD3: 0 | AE3: 0 | AF3: 0 | AG3: 0 | AH3: 0 | AI3: 0 | AJ3: 0 | AK3: 1 | AL3: 0 | AM3: 0 | AN3: - | AO3: 0 | AP3: 1 | AQ3: 2 | AR3: 0 | AS3: 0 | AT3: 0
A4: 2025-05-01 01:00:00.000 +0100 | B4: =DATE(YEAR(DATEVALUE(LEFT(A4,10))), MONTH(DATEVALUE(LEFT(A4,10))), 1) -> 45778 | C4: Thursday | D4: 0.013900463 | E4: 3 | F4: Too Good To Be True | G4: ciara.scullion | H4: =VLOOKUP(G4, cohort!A$2:B$21, 2, FALSE) -> 1 | I4: OUT_OF_TIME | J4: 0.33333333 | K4: 1 | L4: 0.5 | M4: 0.46666667 | N4: 0.18181818 | O4: 0 | P4: 0 | Q4: 1 | R4: 0 | S4: 0 | T4: 0 | U4: 0 | V4: 0 | W4: 0 | X4: 0 | Y4: 0 | Z4: 0 | AA4: 0 | AB4: 0 | AC4: 0 | AD4: 0 | AE4: 0 | AF4: 0 | AG4: 0 | AH4: 0 | AI4: 0 | AJ4: 0 | AK4: 1 | AL4: 0 | AM4: 0 | AN4: - | AO4: 0 | AP4: 1 | AQ4: 2 | AR4: 0 | AS4: 0 | AT4: 0
A5: 2025-05-07 01:00:00.000 +0100 | B5: =DATE(YEAR(DATEVALUE(LEFT(A5,10))), MONTH(DATEVALUE(LEFT(A5,10))), 1) -> 45778 | C5: Wednesday | D5: 0.0094444444 | E5: 5 | F5: Bezs Beatles Day! | G5: jack.walsh | H5: =VLOOKUP(G5, cohort!A$2:B$21, 2, FALSE) -> 1 | I5: COMPLETED | J5: 0.77777778 | K5: 1 | L5: 0.66666667 | M5: 0.6 | N5: 0.36363636 | O5: 0 | P5: 0 | Q5: 1 | R5: 0 | S5: 0 | T5: 0 | U5: 0 | V5: 0 | W5: 0 | X5: 0 | Y5: 0 | Z5: 1 | AA5: 0 | AB5: 0 | AC5: 0 | AD5: 0 | AE5: 0 | AF5: 0 | AG5: 0 | AH5: 0 | AI5: 0 | AJ5: 0 | AK5: 0 | AL5: 0 | AM5: 0 | AN5: - | AO5: 0 | AP5: 1 | AQ5: 1 | AR5: 0 | AS5: 0 | AT5: 0
A6: 2025-05-08 01:00:00.000 +0100 | B6: =DATE(YEAR(DATEVALUE(LEFT(A6,10))), MONTH(DATEVALUE(LEFT(A6,10))), 1) -> 45778 | C6: Thursday | D6: 0.014050926 | E6: 5 | F6: Bezs Beatles Day! | G6: ciara.scullion | H6: =VLOOKUP(G6, cohort!A$2:B$21, 2, FALSE) -> 1 | I6: COMPLETED | J6: 0.66666667 | K6: 0 | L6: 0.16666667 | M6: 0.46666667 | N6: 0.27272727 | O6: 0 | P6: 0 | Q6: 1 | R6: 0 | S6: 0 | T6: 0 | U6: 0 | V6: 0 | W6: 0 | X6: 0 | Y6: 0 | Z6: 1 | AA6: 0 | AB6: 0 | AC6: 0 | AD6: 0 | AE6: 0 | AF6: 0 | AG6: 0 | AH6: 0 | AI6: 0 | AJ6: 0 | AK6: 0 | AL6: 0 | AM6: 0 | AN6: - | AO6: 0 | AP6: 1 | AQ6: 1 | AR6: 0 | AS6: 0 | AT6: 0
A7: 2025-05-12 01:00:00.000 +0100 | B7: =DATE(YEAR(DATEVALUE(LEFT(A7,10))), MONTH(DATEVALUE(LEFT(A7,10))), 1) -> 45778 | C7: Monday | D7: 0.010902778 | E7: 3 | F7: Too Good To Be True | G7: jamie.dow | H7: =VLOOKUP(G7, cohort!A$2:B$21, 2, FALSE) -> 1 | I7: COMPLETED | J7: 0.55555556 | K7: 1 | L7: 0.66666667 | M7: 0.53333333 | N7: 0.18181818 | O7: 0 | P7: 0 | Q7: 1 | R7: 0 | S7: 0 | T7: 0 | U7: 0 | V7: 0 | W7: 0 | X7: 0 | Y7: 0 | Z7: 0 | AA7: 0 | AB7: 0 | AC7: 0 | AD7: 0 | AE7: 0 | AF7: 0 | AG7: 0 | AH7: 0 | AI7: 0 | AJ7: 0 | AK7: 1 | AL7: 0 | AM7: 0 | AN7: - | AO7: 0 | AP7: 1 | AQ7: 2 | AR7: 0 | AS7: 0 | AT7: 0
A8: 2025-05-16 01:00:00.000 +0100 | B8: =DATE(YEAR(DATEVALUE(LEFT(A8,10))), MONTH(DATEVALUE(LEFT(A8,10))), 1) -> 45778 | C8: Friday | D8: 0.0099884259 | E8: 3 | F8: Too Good To Be True | G8: zach.davis | H8: =VLOOKUP(G8, cohort!A$2:B$21, 2, FALSE) -> 1 | I8: COMPLETED | J8: 0 | K8: 0.5 | L8: 0.5 | M8: 0.13333333 | N8: 0 | O8: 0 | P8: 0 | Q8: 1 | R8: 0 | S8: 0 | T8: 0 | U8: 0 | V8: 0 | W8: 0 | X8: 0 | Y8: 0 | Z8: 0 | AA8: 0 | AB8: 0 | AC8: 0 | AD8: 0 | AE8: 0 | AF8: 0 | AG8: 0 | AH8: 0 | AI8: 0 | AJ8: 0 | AK8: 1 | AL8: 0 | AM8: 0 | AN8: - | AO8: 0 | AP8: 1 | AQ8: 2 | AR8: 0 | AS8: 0 | AT8: 0
A9: 2025-05-19 01:00:00.000 +0100 | B9: =DATE(YEAR(DATEVALUE(LEFT(A9,10))), MONTH(DATEVALUE(LEFT(A9,10))), 1) -> 45778 | C9: Monday | D9: 0.012384259 | E9: 5 | F9: Bezs Beatles Day! | G9: jamie.dow | H9: =VLOOKUP(G9, cohort!A$2:B$21, 2, FALSE) -> 1 | I9: COMPLETED | J9: 1 | K9: 1 | L9: 0.5 | M9: 0.6 | N9: 0.36363636 | O9: 0 | P9: 0 | Q9: 1 | R9: 0 | S9: 0 | T9: 0 | U9: 0 | V9: 0 | W9: 0 | X9: 0 | Y9: 0 | Z9: 1 | AA9: 0 | AB9: 0 | AC9: 0 | AD9: 0 | AE9: 0 | AF9: 0 | AG9: 0 | AH9: 0 | AI9: 0 | AJ9: 0 | AK9: 0 | AL9: 0 | AM9: 0 | AN9: - | AO9: 0 | AP9: 1 | AQ9: 1 | AR9: 0 | AS9: 0 | AT9: 0
A10: 2025-05-21 01:00:00.000 +0100 | B10: =DATE(YEAR(DATEVALUE(LEFT(A10,10))), MONTH(DATEVALUE(LEFT(A10,10))), 1) -> 45778 | C10: Wednesday | D10: 0.0090625 | E10: 3 | F10: Too Good To Be True | G10: ritchie.mcgrath | H10: =VLOOKUP(G10, cohort!A$2:B$21, 2, FALSE) -> 1 | I10: COMPLETED | J10: 0.55555556 | K10: 1 | L10: 0.83333333 | M10: 0.4 | N10: 0.27272727 | O10: 0 | P10: 0 | Q10: 1 | R10: 0 | S10: 0 | T10: 0 | U10: 0 | V10: 0 | W10: 0 | X10: 0 | Y10: 0 | Z10: 0 | AA10: 0 | AB10: 0 | AC10: 0 | AD10: 0 | AE10: 0 | AF10: 0 | AG10: 0 | AH10: 0 | AI10: 0 | AJ10: 0 | AK10: 1 | AL10: 0 | AM10: 0 | AN10: - | AO10: 0 | AP10: 1 | AQ10: 2 | AR10: 0 | AS10: 0 | AT10: 0
A11: 2025-05-22 01:00:00.000 +0100 | B11: =DATE(YEAR(DATEVALUE(LEFT(A11,10))), MONTH(DATEVALUE(LEFT(A11,10))), 1) -> 45778 | C11: Thursday | D11: 0.013900463 | E11: 6 | F11: The Big Investor | G11: ciara.scullion | H11: =VLOOKUP(G11, cohort!A$2:B$21, 2, FALSE) -> 1 | I11: OUT_OF_TIME | J11: 0.44444444 | K11: 1 | L11: 0.33333333 | M11: 0.26666667 | N11: 0.27272727 | O11: 0 | P11: 0 | Q11: 0 | R11: 0 | S11: 0 | T11: 0 | U11: 0 | V11: 0 | W11: 1 | X11: 0 | Y11: 0 | Z11: 0 | AA11: 0 | AB11: 0 | AC11: 0 | AD11: 0 | AE11: 0 | AF11: 0 | AG11: 0 | AH11: 1 | AI11: 1 | AJ11: 1 | AK11: 0 | AL11: 0 | AM11: 0 | AN11: - | AO11: 0 | AP11: 2 | AQ11: 0 | AR11: 2 | AS11: 0 | AT11: 0
A12: 2025-05-28 01:00:00.000 +0100 | B12: =DATE(YEAR(DATEVALUE(LEFT(A12,10))), MONTH(DATEVALUE(LEFT(A12,10))), 1) -> 45778 | C12: Wednesday | D12: 0.012673611 | E12: 6 | F12: The Big Investor | G12: jack.walsh | H12: =VLOOKUP(G12, cohort!A$2:B$21, 2, FALSE) -> 1 | I12: COMPLETED | J12: 1 | K12: 1 | L12: 0.83333333 | M12: 0.66666667 | N12: 0.45454545 | O12: 0 | P12: 0 | Q12: 0 | R12: 0 | S12: 0 | T12: 0 | U12: 0 | V12: 0 | W12: 1 | X12: 0 | Y12: 0 | Z12: 0 | AA12: 0 | AB12: 0 | AC12: 0 | AD12: 0 | AE12: 0 | AF12: 0 | AG12: 0 | AH12: 1 | AI12: 1 | AJ12: 1 | AK12: 0 | AL12: 0 | AM12: 0 | AN12: - | AO12: 0 | AP12: 2 | AQ12: 0 | AR12: 2 | AS12: 0 | AT12: 0
A13: 2025-05-29 01:00:00.000 +0100 | B13: =DATE(YEAR(DATEVALUE(LEFT(A13,10))), MONTH(DATEVALUE(LEFT(A13,10))), 1) -> 45778 | C13: Thursday | D13: 0.012291667 | E13: 7 | F13: Rumours | G13: ciara.scullion | H13: =VLOOKUP(G13, cohort!A$2:B$21, 2, FALSE) -> 1 | I13: COMPLETED | J13: 0.55555556 | K13: 1 | L13: 0.66666667 | M13: 0.46666667 | N13: 0.45454545 | O13: 0 | P13: 0 | Q13: 0 | R13: 0 | S13: 0 | T13: 0 | U13: 1 | V13: 0 | W13: 1 | X13: 0 | Y13: 0 | Z13: 0 | AA13: 0 | AB13: 0 | AC13: 0 | AD13: 0 | AE13: 0 | AF13: 0 | AG13: 0 | AH13: 0 | AI13: 0 | AJ13: 1 | AK13: 0 | AL13: 0 | AM13: 0 | AN13: - | AO13: 0 | AP13: 2 | AQ13: 0 | AR13: 1 | AS13: 0 | AT13: 0
... A160: 2026-03-16 00:00:00.000 +0000 | B160: =DATE(YEAR(DATEVALUE(LEFT(A160,10))), MONTH(DATEVALUE(LEFT(A160,10))), 1) -> 46082 | C160: Monday | D160: 0.010925926 | E160: 16 | F160: Radio Silence | G160: jessica.mcdonald | H160: =VLOOKUP(G160, cohort!A$2:B$21, 2, FALSE) -> 4 | I160: COMPLETED | J160: 0.66666667 | K160: 0 | L160: 0.33333333 | M160: 0.4 | N160: 0.090909091 | O160: 0 | P160: 0 | Q160: 0 | R160: 1 | S160: 0 | T160: 0 | U160: 0 | V160: 0 | W160: 0 | X160: 0 | Y160: 0 | Z160: 0 | AA160: 0 | AB160: 1 | AC160: 0 | AD160: 0 | AE160: 0 | AF160: 0 | AG160: 0 | AH160: 0 | AI160: 0 | AJ160: 0 | AK160: 0 | AL160: 0 | AM160: 0 | AN160: - | AO160: 0 | AP160: 1 | AQ160: 0 | AR160: 0 | AS160: 1 | AT160: 0
